transition_models1_1_1,transition_models1_1_2,transition_models1_2_1,transition_models1_2_2,transition_models1_3_1,transition_models1_3_2,transition_models1_4_1,transition_models1_4_2,transition_models2_1_1,transition_models2_1_2,transition_models2_2_1,transition_models2_2_2,transition_models2_3_1,transition_models2_3_2,transition_models2_4_1,transition_models2_4_2,transition_models3_1_1,transition_models3_1_2,transition_models3_2_1,transition_models3_2_2,transition_models3_3_1,transition_models3_3_2,transition_models3_4_1,transition_models3_4_2,transition_models4_1_1,transition_models4_1_2,transition_models4_2_1,transition_models4_2_2,transition_models4_3_1,transition_models4_3_2,transition_models4_4_1,transition_models4_4_2,transition_models5_1_1,transition_models5_1_2,transition_models5_2_1,transition_models5_2_2,transition_models5_3_1,transition_models5_3_2,transition_models5_4_1,transition_models5_4_2
0.154411229596972,0.845588770403028,0.657407578251853,1.29635060875676,4.6879051343181,1.18258735281999,0.604051241566141,0.28121868387878,0.730078263916293,0.269921736083708,-1.33525473541454,2.25500768424366,2.69401638240809,8.29550989338318,1.78343848780199,0.65743886292746,0.402609569270679,0.59739043072932,1.18058769950503,-0.48711643838503,2.94947414175336,5.78372013038489,0.334584168752301,1.05274964820243,0.577533775439433,0.422466224560566,-0.925230062484662,2.42618478843277,2.03938705163084,1.42800275547579,4.9155240671558,2.86605711818498,0.755691901553497,0.244308098446503,0.399362848119493,1.69779469385512,4.24776934063986,3.35506563890381,0.836151805703514,0.391959951477038
